id;name;description;created_at
1;warm unsightly vaguely;only circa;2026-01-02T20:13:52
2;unless respectful boo;fooey hopelessly thump;2026-01-02T21:03:16
3;seemingly creaking difficult;save an;2026-01-03T01:00:21
4;noisily posh;zowie instead;2026-01-02T14:04:28
5;communicate wholly;whereas restfully requite;2026-01-02T17:33:52
6;foolhardy ha blaring;afore;2026-01-02T11:32:13
7;phooey;bleakly however;2026-01-02T12:15:53
8;athwart absentmindedly;who dividend velvety;2026-01-02T10:28:17
9;victoriously ape;ack flame;2026-01-02T23:36:41
10;oh;weakly truly;2026-01-03T05:33:47
