id;name;note;created_at
1;from conclude;stall;2026-01-03T02:03:21
2;worriedly;highlight garage unless;2026-01-02T13:24:03
3;jovially tricky violently;instead bah disbar;2026-01-02T23:41:36
4;a yippee internal;ultimate and decouple;2026-01-02T17:32:28
5;although;storyboard expert refer;2026-01-03T06:01:31
6;fork clavicle except;ick;2026-01-03T03:40:33
7;when huzzah doting;incidentally;2026-01-03T05:24:51
8;until frenetically;down beautifully;2026-01-03T07:26:38
9;since with gracefully;cinch;2026-01-03T02:53:42
10;perfumed;bourgeoisie diagram;2026-01-03T00:29:56
